Codice,Nome/Localizzazione,Gruppo,Categoria,Contesto urbano,Elemento,Latitudine,Longitudine,Indirizzo,Punteggio,Livello accessibilita,Rilevanza,Non valutabile,N. foto rilievo,Criticità Rilevate,Nome Immobile,Circoscrizione,Quartiere,UPL
U_16,DIRETTORE GENERALE,Sede amministrativa/istituzionale,SERVIZI PUBBLICI – UFFICI - UFFICIO DI VERTICE AMMINISTRATIVO,,,38.1170342,13.3694741,"Piazza Marina, 46",68,Parzialmente inaccessibile,Alta,No,7,Parcheggio distante; pavimentazione scivolosa; antico portone non idoneo; ascensore non funzionante; scale con alzata eccessiva; assenza di segnaletica tattile.,DIRETTORE GENERALE,I,Tribunali-Castellammare,Tribunali o Kalsa
SU_03,MARTORANA (SANTA MARIA DELL’AMMIRAGLIO),Sito UNESCO (edificio),SERVIZI PUBBLICI – SITO UNESCO,,,38.11499301,13.36362707,"P.za Bellini, 3",80,Parzialmente inaccessibile,Alta,Si,7,Pavimentazione scivolosa; aula a quota superiore rispetto all'ingresso; spazi ridotti e assenza di percorsi tattili.,MARTORANA (SANTA MARIA DELL’AMMIRAGLIO),I,Tribunali-Castellammare,Tribunali o Kalsa
SU_02,SAN CATALDO,Sito UNESCO (edificio),SERVIZI PUBBLICI – SITO UNESCO,,,38.11493419,13.36355499,"P.za Bellini, 1",78,Parzialmente inaccessibile,Alta,Si,7,Accesso compromesso da dislivelli e scale; pavimentazione policroma non idonea; spazi ridotti e assenza di servizi igienici.,SAN CATALDO,I,Tribunali-Castellammare,Tribunali o Kalsa
M_03,ARCHIVIO STORICO COMUNALE,Museo,SERVIZI PUBBLICI – MUSEO,,,38.11391584,13.36324349,"Via Maqueda, 157",72,Parzialmente inaccessibile,Alta,No,7,,,I,Tribunali-Castellammare,Tribunali o Kalsa
M_02,GALLERIA D’ARTE MODERNA,Museo,SERVIZI PUBBLICI – MUSEO,,,38.11511098,13.36586137,"Via Sant'Anna, 21",77,Parzialmente inaccessibile,Alta,No,7,,,I,Tribunali-Castellammare,Tribunali o Kalsa
AV_23,"VILLA GIULIA, VIA LINCOLN",Area verde,AREE URBANE,AMBITO PAESAGGISTICO E MONUMENTALE,PERCORSI INTERNI,38.11412551,13.37567611,Via Lincoln,46,Parzialmente accessibile,Alta,No,10,,,I,Tribunali-Castellammare,Tribunali o Kalsa
AV_21,"GIARDINO GARIBALDI, PIAZZA MARINA",Area verde,AREE URBANE,AMBITO PAESAGGISTICO E STORICO-MONUMENTALE,PERCORSI INTERNI,38.11780242,13.36940594,Piazza Marina,44,Parzialmente accessibile,Alta,No,7,,,I,Tribunali-Castellammare,Tribunali o Kalsa
VS_06,SALITA MURA DELLE CATTIVE - VIA ALLORO - VIA QUATTRO APRILE - PIAZZA MARINA,Percorso storico,PERCORSI STORICI,VIE STORICHE INTERNE,MARCIAPIEDE,38.117391,13.3726014,,53,Parzialmente accessibile,,No,14,,,I,Tribunali-Castellammare,Tribunali o Kalsa
VS_05,VIA MAGIONE - VIA DELLA PACE - VIA DELLO SPASIMO - VIA SANTA TERESA - VIA TORREMUZZA,Percorso storico,PERCORSI STORICI,"VIE INTERNE, ALTISSIMA VALENZA STORICA",MARCIAPIEDE,38.1132707,13.3688885,,53,Parzialmente accessibile,,No,14,,,I,Tribunali-Castellammare,Tribunali o Kalsa
U_17,SERVIZI SOCIALI,Sede amministrativa/istituzionale,SERVIZI PUBBLICI – UFFICI - CENTRO DIREZIONALE E AMMINISTRATIVO,,,38.1127719,13.3671823,"Via Giuseppe Garibaldi, 26",66,Parzialmente inaccessibile,Alta,No,4,Ingresso monumentale non a norma; pavimentazione scivolosa; porte prive di maniglioni antipanico; assenza totale di percorsi sensoriali.,SERVIZI SOCIALI,I,Tribunali-Castellammare,Tribunali o Kalsa
VS_02,VIA UMBERTO I (S.S. 113),Percorso storico,PERCORSI STORICI,ASSE DI SCORRIMENTO AREA ADIACENTE IL CENTRO STORICO,MARCIAPIEDE,38.11721756,13.37369942,,42,Parzialmente accessibile,,No,15,,,I,Tribunali-Castellammare,Tribunali o Kalsa
AV_22,"FORO ITALICO, VIA UMBERTO I – S.S. 113",Area verde,AREE URBANE,AMBITO PAESAGGISTICO,PERCORSI INTERNI,38.11691724,13.37516601,Foro Italico Umberto I,45,Parzialmente accessibile,Alta,No,10,,,I,Tribunali-Castellammare,Tribunali o Kalsa
VU_04,VIA MAQUEDA,Percorso UNESCO,PERCORSI UNESCO,ASSE STORICO E COMMERCIALE PRIMARIO (PEDONALIZZATO),MARCIAPIEDE,38.1184556,13.3596687,,41,Parzialmente accessibile,Alta,No,13,,,I,Tribunali-Castellammare,Castellammare o Loggia
VS_26,VIA MAQUEDA - VIA RUGGERO SETTIMO,Percorso storico,PERCORSI STORICI,ASSE COMMERCIALE PRIMARIO,MARCIAPIEDE,38.1184556,13.3596687,,46,Parzialmente accessibile,Alta,No,17,,,I,Tribunali-Castellammare,Castellammare o Loggia
VS_25,VIA NAPOLI,Percorso storico,PERCORSI STORICI,VIA COMMERCIALE DI COLLEGAMENTO,MARCIAPIEDE,38.1176486,13.3612677,,44,Parzialmente accessibile,Alta,No,13,,,I,Tribunali-Castellammare,Castellammare o Loggia
VS_09,VIA ROMA,Percorso storico,PERCORSI STORICI,ASSE VIARIO PRINCIPALE,MARCIAPIEDE,38.1178334,13.3629551,,41,Parzialmente accessibile,,No,17,,,I,Tribunali-Castellammare,Castellammare o Loggia
VS_07,VIA PORTO SALVO - PIAZZA TARZANÀ - PIAZZA FONDERIA - VIA GIOVANNI MELI,Percorso storico,PERCORSI STORICI,VIE STORICHE,MARCIAPIEDE,38.1185485,13.3673489,,53,Parzialmente accessibile,,No,14,,,I,Tribunali-Castellammare,Castellammare o Loggia
U_14,SERVIZI MATRIMONIALI,Sede amministrativa/istituzionale,SERVIZI PUBBLICI – UFFICI - SEDE ISTITUZIONALE MONUMENTALE (PER RITI CIVILI),,,38.119288,13.3661697,Piazza Fonderia,72,Parzialmente inaccessibile,Alta,No,4,Accesso principale ostacolato da dislivelli; pavimentazione in basolato; porte pesanti e non a norma; totale assenza di percorsi tattili; servizi igienici per disabili assenti.,SERVIZI MATRIMONIALI,I,Tribunali-Castellammare,Castellammare o Loggia
U_13,SERVIZIO SOCIALE DI COMUNITÀ,Sede amministrativa/istituzionale,SERVIZI PUBBLICI – UFFICI - SERVIZIO PUBBLICO DI ASSISTENZA SOCIALE,,,38.1202509,13.3650232,"Via Fratelli Orlando, 16",71,Parzialmente inaccessibile,Alta,No,10,Parcheggi e percorsi esterni privi di segnaletica a norma; campanello e sportello informazioni inaccessibili; porte senza maniglione antipanico; bagni con maniglioni insufficienti.,SERVIZIO SOCIALE DI COMUNITÀ,I,Tribunali-Castellammare,Castellammare o Loggia
P_04,PIAZZA SAN DOMENICO,Piazza,AREE URBANE,AREA MONUMENTALE E COMMERCIALE,PIAZZA,38.1187715,13.36304025,Piazza S. Domenico,33,Accessibile,Alta,No,7,,,I,Tribunali-Castellammare,Castellammare o Loggia
VS_28,VIA MATTEO BONELLO - VIA PAPIRETO - PIAZZA DELLA MEMORIA - VIA NICOLÒ TURRISI,Percorso storico,PERCORSI STORICI,"AREA AD ALTA VALENZA ISTITUZIONALE (PALAZZO DI GIUSTIZIA, CATTEDRALE)",MARCIAPIEDE,38.114994,13.3545804,,51,Parzialmente accessibile,Alta,No,15,,,I,Palazzo Reale - Monte di Pietà,Monte di Pieà o Seralcadi
VS_27,DISCESA DEI GIOVENCHI - VIA PANNERIA - VIA JUDICA - VIA GIOIAMIA,Percorso storico,PERCORSI STORICI,STRADE STRETTE E IRREGOLARI,MARCIAPIEDE,38.1176856,13.3596892,,65,Parzialmente inaccessibile,Alta,No,13,,,I,Palazzo Reale - Monte di Pietà,Monte di Pieà o Seralcadi
P_03,PIAZZA GIUSEPPE VERDI,Piazza,AREE URBANE,AREA COMMERCIALE,PIAZZA,38.12079445,13.35735316,P.za Giuseppe Verdi,31,Accessibile,Alta,No,7,,,I,Palazzo Reale - Monte di Pietà,Monte di Pieà o Seralcadi
P_02,PIAZZA VITTORIO EMANUELE ORLANDO,Piazza,AREE URBANE,AREA AD ALTA VALENZA ISTITUZIONALE,PIAZZA,38.11937869,13.35254016,P.zza Vittorio Emanuele Orlando,32,Accessibile,Alta,No,7,,,I,Palazzo Reale - Monte di Pietà,Monte di Pieà o Seralcadi
S_21,SCUOLA QUARTO DEI MILLE,Scuola,SERVIZI PUBBLICI – ISTRUZIONE - SCUOLA PRIMARIA,,,38.108792,13.3439591,"C.so Calatafimi, 241",73,Parzialmente inaccessibile,Alta,No,7,Pavimentazione esterna sconnessa con scale; maniglioni bagno non idonei; bagno solo al piano terra; porta non idonea; assenza percorso tattile.,SCUOLA QUARTO DEI MILLE,I,Palazzo Reale - Monte di Pietà,Palazzo Reale o Albergaria
AV_19,"VILLA BONANNO, PIAZZA DELLA VITTORIA",Area verde,AREE URBANE,AREA ALL’INTERNO DI CONTESTO ISTITUZIONALE E TURISTICO,PERCORSI INTERNI,38.11245705,13.35597776,"P.za della Vittoria, 18",38,Accessibile,Alta,No,7,,,I,Palazzo Reale - Monte di Pietà,Palazzo Reale o Albergaria
AV_18,"GIARDINO, PIAZZA INDIPENDENZA",Area verde,AREE URBANE,AREA ALL’INTERNO DI CONTESTO ISTITUZIONALE E TURISTICO,PERCORSI INTERNI,38.11083066,13.3505304,Giardini di Piazza Indipendenza,45,Parzialmente accessibile,Alta,No,7,,,I,Palazzo Reale - Monte di Pietà,Palazzo Reale o Albergaria
VU_03,CORSO VITTORIO EMANUELE,Percorso UNESCO,PERCORSI UNESCO,"ASSE STORICO PRINCIPALE (CASSARO), PARZIALMENTE PEDONALIZZATO",MARCIAPIEDE,38.1124171,13.3533766,,47,Parzialmente accessibile,Alta,No,13,,,I,Palazzo Reale - Monte di Pietà,Palazzo Reale o Albergaria
VS_23,VIA CORRADO AVOLIO - VIA MICHELE DEL GIUDICE - VIA ANTONIO MONGITORE - VIA LAGUMINA FRATELLI - VIA,Percorso storico,PERCORSI STORICI,STRADE INTERNE AD ALTA DENSITÀ,MARCIAPIEDE,38.1096063,13.3600168,,54,Parzialmente accessibile,Alta,No,13,,,I,Palazzo Reale - Monte di Pietà,Palazzo Reale o Albergaria
VS_17,PIAZZA INDIPENDENZA,Percorso storico,PERCORSI STORICI,AREA STORICO/ISTITUZIONALE,MARCIAPIEDE,38.1106918,13.3509647,,42,Parzialmente accessibile,Alta,No,12,,,I,Palazzo Reale - Monte di Pietà,Palazzo Reale o Albergaria
VS_01,CORSO VITTORIO EMANUELE,Percorso storico,PERCORSI STORICI,"ASSE STORICO PRINCIPALE (CASSARO), PARZIALMENTE PEDONALIZZATO",MARCIAPIEDE,38.1124171,13.3533766,,46,Parzialmente accessibile,,No,16,,,I,Palazzo Reale - Monte di Pietà,Palazzo Reale o Albergaria
SU_06,SAN GIOVANNI DEGLI EREMITI,Sito UNESCO (edificio),SERVIZI PUBBLICI – SITO UNESCO,,,38.10972974,13.35496043,"Via dei Benedettini, 16",65,Parzialmente inaccessibile,Alta,Si,10,Pendenza eccessiva delle rampe; pavimentazione non idonea; porta d'ingresso antica non a norma e assenza di bagni.,SAN GIOVANNI DEGLI EREMITI,I,Palazzo Reale - Monte di Pietà,Palazzo Reale o Albergaria
SU_05,PALAZZO REALE E CAPPELLA PALATINA,Sito UNESCO (edificio),SERVIZI PUBBLICI – SITO UNESCO,,,38.11110263,13.35427545,"Piazza del Parlamento, 1",51,Parzialmente accessibile,Alta,Si,10,Tratti di basolato nell'accesso; ascensore con dimensioni minime non garantite; assenza di percorsi tattili e segnalazioni per ipovedenti.,PALAZZO REALE E CAPPELLA PALATINA,I,Palazzo Reale - Monte di Pietà,Palazzo Reale o Albergaria
SU_04,CATTEDRALE DI PALERMO,Sito UNESCO (edificio),SERVIZI PUBBLICI – SITO UNESCO,,,38.11449991,13.35684649,"Via Vittorio Emanuele, 490",84,Parzialmente inaccessibile,Alta,Si,10,"Ostacoli fisici legati alla pavimentazione storica, sconnessa e scivolosa; presenza di gradini in alcuni accessi; scale non idonee; assenza di dispositivi per l'accessibilità sensoriale e di bagni per disabili; difficoltà di accesso ad alcune aree sopraelevate.",CATTEDRALE DI PALERMO,I,Palazzo Reale - Monte di Pietà,Palazzo Reale o Albergaria
A_16,NIDO BRACCIO DI FERRO,Asilo,SERVIZI PUBBLICI – ISTRUZIONE – ASILO,,,38.11053,13.35687,"Via Santissimo Crocifisso, 1",66,Parzialmente inaccessibile,Alta,No,4,Citofono troppo alto; porte interne non adeguate; bagno per disabili non presente; assenza di pavimentazione tattile e segnaletica per ipovedenti.,NIDO BRACCIO DI FERRO,I,Palazzo Reale - Monte di Pietà,Palazzo Reale o Albergaria
S_22,SCUOLA PEREZ,Scuola,"SERVIZI PUBBLICI – ISTRUZIONE - SCUOLA SECONDARIA, DI I GRADO, PRIMARIA",,,38.1082302,13.3646629,"Via Vincenzo Errante, 13",66,Parzialmente inaccessibile,Alta,No,7,Campanello di difficile accostamento; antico portone non idoneo; assenza maniglione antipanico nei servizi; rivestimenti bagni con scarso contrasto; assenza percorso tattile.,SCUOLA PEREZ,III,Oreto- Stazione,Oreto Perez
VU_05,PIAZZA GIULIO CESARE – VIA LINCOLN,Percorso UNESCO,PERCORSI UNESCO,SNODO VIARIO AD ALTO SCORRIMENTO,MARCIAPIEDE,38.1098934,13.3663171,,47,Parzialmente accessibile,Alta,No,12,,,III,Oreto- Stazione,Oreto Perez
VS_19,VIA ORETO - VIA PIETRO SPICA - VIA GIOVANNI CAMPISI - VIA BUONRIPOSO - VIA GIUSEPPE SERGI,Percorso storico,PERCORSI STORICI,ZONA AD ALTA DENSITÀ ABITATIVA E DI TRAFFICO,MARCIAPIEDE,38.1056503,13.3679625,,51,Parzialmente accessibile,Alta,No,14,,,III,Oreto- Stazione,Oreto Perez
VS_14,VIA VINCENZO ERRANTE - VIA ORETO,Percorso storico,PERCORSI STORICI,"ARTERIE ESTERNE AL CENTRO, AD ALTISSIMO SCORRIMENTO",MARCIAPIEDE,38.1078103,13.364946,,47,Parzialmente accessibile,Alta,No,13,,,III,Oreto- Stazione,Oreto Perez
VC_33,VIA GIORGIO ARCOLEO - VIA PIETRO D'ARAGONA – VIA DELLE CLINICHE – VIA LIBORIO GIUFFRÈ – VIA DEL VESPRO –,Via cittadina,PERCORSI CITTADINI,VIABILITÀ URBANA DI QUARTIERE/SERVIZI/ELEVATA PRESENZA PEDONALE,MARCIAPIEDE,38.1068492,13.3611993,,51,Parzialmente accessibile,Alta,No,12,,,III,Oreto- Stazione,Oreto Perez
U_19,UFFICIO STATO CIVILE - UFFICIO ELETTORALE – ANAGRAFE,Sede amministrativa/istituzionale,SERVIZI PUBBLICI – UFFICI - UFFICIO PUBBLICO DI SERVIZI DEMOGRAFICI,,,38.1100887,13.3659849,"P.za Giulio Cesare, 52",65,Parzialmente inaccessibile,Alta,No,7,Ingresso con dislivelli; porte non conformi; sportello ricezione troppo alto; assenza di segnalazioni per ipovedenti.,UFFICIO STATO CIVILE - ANAGRAFE,III,Oreto- Stazione,Oreto Perez
U_18,UFFICIO TRIBUTI,Sede amministrativa/istituzionale,SERVIZI PUBBLICI – UFFICI - UFFICIO AMMINISTRATIVO COMUNALE (GESTIONE ENTRATE),,,38.1109609,13.3668765,"P.za Giulio Cesare, 6",67,Parzialmente inaccessibile,Alta,No,7,Percorso pedonale ristretto; rampe con pendenza eccessiva; porte antiche non a norma; guide tattili carenti; sportello informazioni troppo alto.,UFFICIO TRIBUTI,III,Oreto- Stazione,Oreto Perez
S_24,SCUOLA ROSOLINO PILO,Scuola,SERVIZI PUBBLICI – ISTRUZIONE - SCUOLA DELL’INFANZIA E PRIMARIA,,,38.10314,13.36443,"Via la Franca Sebastiano, 70",53,Parzialmente accessibile,Alta,No,7,Segnaletica esterna e interna ipovedenti non a norma; campanello assistenza non rispettato; assenza maniglione antipanico; WC non idoneo; barre scala distanti.,SCUOLA ROSOLINO PILO,III,Oreto- Stazione,Oreto Perez
VU_06,CORSO DEI MILLE,Percorso UNESCO,PERCORSI UNESCO,ARTERIA AD ALTO SCORRIMENTO (CENTRO STORICO-PERIFERIA),MARCIAPIEDE,38.1078782,13.3714571,,46,Parzialmente accessibile,Alta,No,15,,,II,Oreto- Stazione,Corso dei Mille - S.Erasmo
VS_20,CORSO DEI MILLE - VIA BRANCACCIO - VIA GERMANESE - VIA BRANCACCIO - VIA CONTE FEDERICO,Percorso storico,PERCORSI STORICI,ASSE PERIFERICO AD ALTO SCORRIMENTO,MARCIAPIEDE,38.1065115,13.3739109,,56,Parzialmente accessibile,Alta,No,19,,,II,Oreto- Stazione,Corso dei Mille - S.Erasmo
VS_04,CORSO DEI MILLE - VIA GARIBALDI - VIA CANTAVESPRI - VIA CAGLIARI - VIA LIVORNO - VIA CALDERAI,Percorso storico,PERCORSI STORICI,VIE INTERNE AD ALTA DENSITÀ,MARCIAPIEDE,38.1065115,13.3739109,,56,Parzialmente accessibile,,No,14,,,II,Oreto- Stazione,Corso dei Mille - S.Erasmo
VC_51,VIA GIAN FILIPPO INGRASSIA,Via cittadina,PERCORSI CITTADINI,AREA RESIDENZIALE SEMICENTRALE A TRAFFICO MEDIO,MARCIAPIEDE,38.1095381,13.3719922,,45,Parzialmente accessibile,Alta,No,9,,,II,Oreto- Stazione,Corso dei Mille - S.Erasmo
SU_07,PONTE AMMIRAGLIO,Sito UNESCO (edificio),SERVIZI PUBBLICI – SITO UNESCO,,,38.10524494,13.37614071,"Corso dei Mille, 399/409",44,Parzialmente accessibile,Alta,No,4,Pavimentazione in acciottolato/selciato non idonea; pendenza eccessiva del monumento e assenza totale di percorsi tattili.,PONTE AMMIRAGLIO,II,Oreto- Stazione,Corso dei Mille - S.Erasmo
S_28,SCUOLA CAVALLARI,Scuola,SERVIZI PUBBLICI – ISTRUZIONE - SCUOLA PRIMARIA,,,38.0989493,13.3901686,"Corso dei Mille, 793",85,Inaccessibile,Alta,No,4,Gravi carenze strutturali; assenza di percorsi e segnaletica tattile; servizi igienici non a norma; collegamenti verticali insufficienti; campanello non accostabile e alzata scala eccessiva.,SCUOLA CAVALLARI,II,Oreto- Stazione,Corso dei Mille - S.Erasmo
U_20,SERVIZI CIMITERIALI,Sede amministrativa/istituzionale,SERVIZI PUBBLICI – UFFICI - UFFICIO AMMINISTRATIVO E GESTIONALE,,,38.1112443,13.3681179,"Via Lincoln, 144",73,Parzialmente inaccessibile,Alta,No,7,"Barriere diffuse nell'accesso; ostacoli metallici lungo i percorsi; citofono troppo alto; ascensore non funzionante; servizi igienici non adeguati (sanitari non idonei, privi di maniglione); assenza di ausili sensoriali.",SERVIZI CIMITERIALI,II,Oreto- Stazione,Corso dei Mille - S.Erasmo
VS_03,VIA LINCOLN,Percorso storico,PERCORSI STORICI,"VIA AD ALTO SCORRIMENTO, AREE VERDI (ORTO BOTANICO)",MARCIAPIEDE,38.11121807,13.36789486,,43,Parzialmente accessibile,,No,15,,,II,Oreto- Stazione,Corso dei Mille - S.Erasmo
S_23,SCUOLA AMARI,Scuola,SERVIZI PUBBLICI – ISTRUZIONE - SCUOLA DELL’INFANZIA E PRIMARIA,,,38.1097304,13.3725762,"Via Gian Filippo Ingrassia, 33",70,Parzialmente inaccessibile,Alta,No,7,Segnaletica esterna non a norma; campanello troppo alto; posizione maniglioni bagno errata; porta servizi senza maniglione antipanico; assenza pavimentazione tattile.,SCUOLA AMARI,II,Oreto- Stazione,Corso dei Mille - S.Erasmo
S_26,SCUOLA OBERDAN,Scuola,SERVIZI PUBBLICI – ISTRUZIONE - SCUOLA DELL’INFANZIA,,,38.1003829,13.3722799,Largo Ercole Pietro,58,Parzialmente accessibile,Alta,No,4,Scalino d'ingresso; pavimentazione interna scivolosa; maniglioni bagno insufficienti; assenza segnali ipovedenti; pendenza rampa eccessiva.,SCUOLA OBERDAN,III,Oreto- Stazione,Oreto Guadagna
A_26,NIDO IL FARO,Asilo,SERVIZI PUBBLICI – ISTRUZIONE – ASILO,,,38.0931522,13.3746516,"Via Giuseppe Paratore, 13",66,Parzialmente inaccessibile,Alta,No,4,Citofono troppo alto; porte interne di dimensioni insufficienti; bagno disabili non presente; assenza di indicazioni per ipovedenti e pavimentazione tattile.,NIDO IL FARO,III,Oreto- Stazione,Oreto Guadagna
VC_52,VIA PAOLO ORSI – VIA GIUSEPPE PARATORE,Via cittadina,PERCORSI CITTADINI,AREA RESIDENZIALE SEMICENTRALE A TRAFFICO MEDIO,MARCIAPIEDE,38.0943142,13.3744804,,38,Accessibile,Alta,No,8,,,III,Oreto- Stazione,Oreto Guadagna
VC_35,VIA FRANCESCO LA COLLA – VIA ORETO – VIA ANTONIO TANTILLO,Via cittadina,PERCORSI CITTADINI,RESIDENZIALE POPOLARE,MARCIAPIEDE,38.1008251,13.3722468,,38,Accessibile,Alta,No,16,,,III,Oreto- Stazione,Oreto Guadagna
VC_34,VIA ORETO – VIA BERGAMO – VIA ROCCO JEMMA,Via cittadina,PERCORSI CITTADINI,SERVIZI/INTENSO FLUSSO PEDONALE,MARCIAPIEDE,38.0949762,13.3750419,,48,Parzialmente accessibile,Alta,No,16,,,III,Oreto- Stazione,Oreto Guadagna
U_22,CIRCOSCRIZIONE III SPORTELLO POLIFUNZIONALE,Sede amministrativa/istituzionale,SERVIZI PUBBLICI – UFFICI - SPORTELLO POLIFUNZIONALE DI SERVIZI DEMOGRAFICI E AMMINISTRATIVI,,,38.1012433,13.3727282,"Via la Colla Francesco, 48",56,Parzialmente accessibile,Alta,No,4,,,III,Oreto- Stazione,Oreto Guadagna
VS_18,VIA GIOVANNI ARGENTO - VIA ENRICO TOTI - PIAZZA MONTEGRAPPA,Percorso storico,PERCORSI STORICI,STRADE INTERNE AREA SEMI-CENTRALE/ISTITUZIONALE,MARCIAPIEDE,38.1065401,13.3539795,,54,Parzialmente accessibile,Alta,No,13,,,IV,S. Rosalia - Montegrappa,Montegrappa
AV_20,"GIARDINO, VIA ERNESTO BASILE",Area verde,AREE URBANE,AMBITO RESIDENZIALE INTENSIVO AD ALTO SCORRIMENTO,PERCORSI INTERNI,38.09737716,13.3462081,Via Carmelo Raiti - Via Ernesto Basile,44,Parzialmente accessibile,Alta,No,10,,,IV,S. Rosalia - Montegrappa,S.Rosalia
A_24,NIDO MARICÒ,Asilo,SERVIZI PUBBLICI – ISTRUZIONE – ASILO,,,38.0970519,13.3472429,"Via Salvatore Pelligra, 4",58,Parzialmente accessibile,Alta,No,6,Pavimentazione esterna sconnessa; bagno non fruibile; porta non idonea; assenza di pavimentazione tattile.,NIDO MARICÒ,IV,S. Rosalia - Montegrappa,S.Rosalia
A_25,ASILO GALANTE,Asilo,SERVIZI PUBBLICI – ISTRUZIONE – ASILO,,,38.1125784,13.344622,Piazza Danisinni,58,Parzialmente accessibile,Alta,No,4,Fughe larghe nel percorso di accesso; citofono troppo alto; sistemi di sollevamento verticale non a norma; assenza pavimentazione tattile.,ASILO GALANTE,IV,Cuba-Calatafimi,Cuba - Calatafimi
VS_41,VIA GIUSEPPE PITRE’,Percorso storico,PERCORSI STORICI,ASSE DI SCORRIMENTO AREA ADIACENTE IL CENTRO STORICO,MARCIAPIEDE,38.1104945,13.3302451,,40,Parzialmente accessibile,Alta,No,18,,,IV,Cuba-Calatafimi,Cuba - Calatafimi
VS_40,VIA PINDEMONTE,Percorso storico,PERCORSI STORICI,"ASSE STORICO PRINCIPALE (CASSARO), PARZIALMENTE PEDONALIZZATO",MARCIAPIEDE,38.1089063,13.340187,,44,Parzialmente accessibile,Alta,No,14,,,IV,Cuba-Calatafimi,Cuba - Calatafimi
VS_16,CORSO RE RUGGERO,Percorso storico,PERCORSI STORICI,ASSE STORICO E MONUMENTALE (VICINO PALAZZO REALE),MARCIAPIEDE,38.1093152,13.3536092,,48,Parzialmente accessibile,Alta,No,12,,,IV,Cuba-Calatafimi,Cuba - Calatafimi
VU_01,VIA MICHELE PIAZZA – VIA SILVIO PELLICO – VIA ZISA – PIAZZA INGASTONE – VIA COLONNA ROTTA,Percorso UNESCO,PERCORSI UNESCO,VIE DI ACCESSO AREA STORICO-ISTITUZIONALE,MARCIAPIEDE,38.1162108,13.3442485,,50,Parzialmente accessibile,Alta,No,14,,,V,Zisa,Zisa - Ingastone
VS_42,VIA CIPRESSI – VIA REGINA BIANCA,Percorso storico,PERCORSI STORICI,ARTERIE INTERNE PERIFERICHE,MARCIAPIEDE,38.1142699,13.3452212,,58,Parzialmente accessibile,Alta,No,13,,,V,Zisa,Zisa - Ingastone
VC_27,VIA MICHELE PIAZZA – VIA EUGENIO L’EMIRO – VIA MICHELE SCOTO – VIA NINA SICILIANA – VIA PERPIGNANO – VIA,Via cittadina,PERCORSI CITTADINI,ALTA DENSITÀ/RESIDENZIALE,MARCIAPIEDE,38.1162108,13.3442485,,49,Parzialmente accessibile,Alta,No,18,,,V,Zisa,Zisa - Ingastone
SU_01,LA ZISA,Sito UNESCO (edificio),SERVIZI PUBBLICI – SITO UNESCO,,,38.11690912,13.34156594,Piazza Zisa,93,Inaccessibile,Alta,No,7,"Elevata presenza di barriere fisiche e sensoriali; pavimentazione interna sconnessa; assenza di percorsi guidati, mappe tattili e percorsi per ipovedenti; biglietteria troppo alta e scale non accessibili.",LA ZISA,V,Zisa,Zisa - Ingastone
AV_16,GIARDINO DELLA ZISA,Area verde,AREE URBANE,AMBITO RESIDENZIALE,PERCORSI INTERNI,38.11688696,13.34327039,Via Guglielmo Il Buono,47,Parzialmente accessibile,Alta,No,10,,,V,Zisa,Zisa - Ingastone
S_19,SCUOLA COLOZZA,Scuola,SERVIZI PUBBLICI – ISTRUZIONE - SCUOLA DELL’INFANZIA E PRIMARIA,,,38.1163757,13.3495818,"Via Imera, 32",63,Parzialmente inaccessibile,Alta,No,6,Campanello e citofono non raggiungibili; assenza maniglione antipanico su porta bagno; segnaletica ipovedenti insufficiente; superficie esterna discontinua.,SCUOLA COLOZZA,V,Zisa,Olivuzza
S_17,SCUOLA CAPUANA,Scuola,SERVIZI PUBBLICI – ISTRUZIONE - SCUOLA PRIMARIA,,,38.1199557,13.3445011,"Via Alessio Narbone, 55",75,Parzialmente inaccessibile,Alta,No,7,Antico portone inidoneo; assenza maniglioni nei bagni ai piani; pendenza rampa eccessiva; pavimentazione parzialmente scivolosa; assenza segnaletica tattile.,SCUOLA CAPUANA,V,Zisa,Olivuzza
VS_34,CORSO CAMILLO FINOCCHIARO APRILE – VIA GIUSEPPE WHITAKER – VIA IMERA,Percorso storico,PERCORSI STORICI,CORSO AD ALTO SCORRIMENTO,MARCIAPIEDE,38.1187244,13.34831652,,46,Parzialmente accessibile,Alta,No,17,,,V,Zisa,Olivuzza
VC_28,VIA PERPIGNANO – VIA GIROLAMO SAVONAROLA – VIA G. EVANGELISTA DI BLASI,Via cittadina,PERCORSI CITTADINI,AREA A TRAFFICO ELEVATO,MARCIAPIEDE,38.1192898,13.3364552,,56,Parzialmente accessibile,Alta,No,18,,,V,Zisa,Zisa - 4 Camere
A_11,NIDO TOPOLINO,Asilo,SERVIZI PUBBLICI – ISTRUZIONE – ASILO,,,38.1135916,13.3355205,"Via Eugenio l'Emiro, 152",57,Parzialmente accessibile,Alta,No,4,Citofono troppo alto; maniglioni insufficienti nei servizi igienici; pavimentazione non idonea; assenza di pavimentazione tattile.,NIDO TOPOLINO,V,Zisa,Zisa - 4 Camere
A_10,NIDO GIRASOLE,Asilo,SERVIZI PUBBLICI – ISTRUZIONE – ASILO,,,38.1195632,13.327766,"Via Perpignano, 287",56,Parzialmente accessibile,Alta,No,4,Citofono troppo alto; bagno disabili non fruibile; assenza pavimentazione tattile e segnalazione per ipovedenti.,NIDO GIRASOLE,V,Zisa,Zisa - 4 Camere
AV_15,"GIARDINO, PIAZZA SANT’OLIVA",Area verde,AREE URBANE,AMBITO RESIDENZIALE/COMMERCIALE,PERCORSI INTERNI,38.12294209,13.35374925,Piazza Sant'Oliva,46,Parzialmente accessibile,Alta,No,10,,,VIII,Politeama,S.Francesco di Paola - Terrasanta
AV_13,"GIARDINO, PIAZZA LOLLI",Area verde,AREE URBANE,AMBITO RESIDENZIALE,PERCORSI INTERNI,38.12354095,13.34642512,"Piazza Stazione Lolli, 7",39,Parzialmente accessibile,Alta,No,7,,,VIII,Politeama,S.Francesco di Paola - Terrasanta
AV_09,"VILLA TRABIA, VIA SALINAS",Area verde,AREE URBANE,AMBITO STORICO-RESIDENZIALE DI PREGIO,PERCORSI INTERNI,38.13019466,13.34781059,"Via Antonino Salinas, 3",40,Parzialmente accessibile,Alta,No,10,,,VIII,Politeama,S.Francesco di Paola - Terrasanta
VS_32,VIA BRUNETTO LATINI,Percorso storico,PERCORSI STORICI,VIA INTERNA,MARCIAPIEDE,38.1230652,13.3500553,,44,Parzialmente accessibile,Alta,No,12,,,VIII,Politeama,S.Francesco di Paola - Terrasanta
VS_31,VIA SANT’OLIVA – PIAZZA SAN FRANCESCO DI PAOLA,Percorso storico,PERCORSI STORICI,ZONA CENTRALE E COMMERCIALE,MARCIAPIEDE,38.1220183,13.3531347,,44,Parzialmente accessibile,Alta,No,12,,,VIII,Politeama,S.Francesco di Paola - Terrasanta
VS_30,VIA PIGNATELLI ARAGONA,Percorso storico,PERCORSI STORICI,ASSE PERIFERICO AD ALTO SCORRIMENTO,MARCIAPIEDE,38.1210818,13.3553392,,44,Parzialmente accessibile,Alta,No,12,,,VIII,Politeama,S.Francesco di Paola - Terrasanta
VS_29,VIA VOLTURNO - VIA SALESIO BALSANO - VIA VILLA FILIPPINA,Percorso storico,PERCORSI STORICI,AREA AD ALTA DENSITÀ (TEATRO MASSIMO),MARCIAPIEDE,38.1197156,13.3547769,,54,Parzialmente accessibile,Alta,No,13,,,VIII,Politeama,S.Francesco di Paola - Terrasanta
VC_49,VIA DAMIANI ALMEYDA,Via cittadina,PERCORSI CITTADINI,AREA RESIDENZIALE SEMICENTRALE,MARCIAPIEDE,38.1308301,13.3455672,,41,Parzialmente accessibile,Alta,No,12,,,VIII,Politeama,S.Francesco di Paola - Terrasanta
VC_41,VIA TERRASANTA – VIA GIUSEPPE SCIUTI – VIA EMPEDOCLE RESTIVO – VIALE STRASBURGO,Via cittadina,PERCORSI CITTADINI,ZONA RESIDENZIALE E ISTITUZIONALE,MARCIAPIEDE,38.1300172,13.3447437,,32,Accessibile,Alta,No,13,,,VIII,Politeama,S.Francesco di Paola - Terrasanta
S_11,SCUOLA PITRÈ,Scuola,SERVIZI PUBBLICI – ISTRUZIONE - SCUOLA PRIMARIA,,,38.1303466,13.3437383,"Via Damiani Almeyda, 2",70,Parzialmente inaccessibile,Alta,No,7,Mancanza rampa per piano rialzato; campanello inaccostabile; maniglioni bagno insufficienti; fasce cromatiche che confondono; assenza percorso tattile.,SCUOLA PITRÈ,VIII,Politeama,S.Francesco di Paola - Terrasanta
M_01,PALAZZO ZIINO,Museo,SERVIZI PUBBLICI – MUSEO,,,38.12422595,13.35202701,"Via Dante, 53",69,Parzialmente inaccessibile,Alta,No,10,,,VIII,Politeama,S.Francesco di Paola - Terrasanta
S_18,SCUOLA TURRISI,Scuola,SERVIZI PUBBLICI – ISTRUZIONE - SCUOLA DELL’INFANZIA E PRIMARIA,,,38.1197304,13.3523701,"P.zza Vittorio Emanuele Orlando, 3",69,Parzialmente inaccessibile,Alta,No,5,Water non idoneo; pavimentazione interna confondente; corrimano non sempre presente; assenza pavimentazione tattile; porta non idonea.,SCUOLA TURRISI,VIII,Politeama,S.Francesco di Paola - Terrasanta
VS_37,VIA DOMENICO LANCIA DI BROLO,Percorso storico,PERCORSI STORICI,VIA INTERNA PERIFERICA,MARCIAPIEDE,38.1241838,13.335454,,50,Parzialmente accessibile,Alta,No,13,,,V,Noce,Noce
VS_36,VIA RUGGERONE DA PALERMO – VIA TOMMASO CALOJRA – FONDO LA MANNA,Percorso storico,PERCORSI STORICI,VIA INTERNA PERIFERICAE,MARCIAPIEDE,38.1208412,13.3329527,,53,Parzialmente accessibile,Alta,No,14,,,V,Noce,Noce
VS_35,VIA NOCE – VIA GIUSEPPE EVANGELISTA DI BLASI,Percorso storico,PERCORSI STORICI,VIA INTERNA PERIFERICA,MARCIAPIEDE,38.1208444,13.3361534,,43,Parzialmente accessibile,Alta,No,15,,,V,Noce,Noce
VC_31,VIA DOMENICO LANCIA DI BROLO - VIA ENRICO FERMI – VIA ANTONIO PACINOTTI – VIA GALILEO GALILEI – VIA,Via cittadina,PERCORSI CITTADINI,SEMICENTRALE – ALTA DENSITÀ,MARCIAPIEDE,38.1241838,13.335454,,42,Parzialmente accessibile,Alta,No,19,,,V,Noce,Noce
S_12,SCUOLA DE AMICIS,Scuola,SERVIZI PUBBLICI – ISTRUZIONE - SCUOLA SECONDARIA E DI I GRADO,,,38.1267735,13.3374461,"Via Serradifalco, 190",58,Parzialmente accessibile,Alta,No,4,Segnaletica orizzontale non a norma; corridoi parzialmente idonei; assenza percorso tattile e pavimentazione tattile.,SCUOLA DE AMICIS,V,Noce,Noce
AV_12,"PARCO NAZARIO SAURO, VIA NAZARIO SAURO",Area verde,AREE URBANE,AMBITO RESIDENZIALE,PERCORSI INTERNI,38.12497386,13.33048582,Via Nazario Sauro,45,Parzialmente accessibile,Alta,No,10,,,V,Noce,Noce
VC_32,VIA FILIPPO PARLATORE – VIA MALASPINA – VIA GEN. ANTONIO CANTORE,Via cittadina,PERCORSI CITTADINI,AREA DIREZIONALE,MARCIAPIEDE,38.124259,13.3438844,,41,Parzialmente accessibile,Alta,No,14,,,V,Noce,Parlatore - Serradifalco
S_14,SCUOLA MANZONI,Scuola,"SERVIZI PUBBLICI – ISTRUZIONE - SCUOLA SECONDARIA, DI I GRADO, PRIMARIA",,,38.125833,13.3430753,"Via Filippo Parlatore, 56",69,Parzialmente inaccessibile,Alta,No,4,Presenza di scale senza rampe esterne; pavimentazione interna scivolosa; porte interne con dimensioni minime non garantite; sportello informazioni non a norma.,SCUOLA MANZONI,V,Noce,Parlatore - Serradifalco
VC_29,VIA LEONARDO DA VINCI – VIA NOTARBARTOLO – VIALE DUCA DELLA VERDURA,Via cittadina,PERCORSI CITTADINI,ASSE TERZIARIO,MARCIAPIEDE,38.1304046,13.33652308,,43,Parzialmente accessibile,Alta,No,12,,,VIII,Malaspina -Palagonia,Malaspina - Leonardo da Vinci
VC_44,VIA DELLA LIBERTÀ – VIA DELLA CROCE ROSSA,Via cittadina,PERCORSI CITTADINI,AREA RESIDENZIALE/COMMERCIALE,MARCIAPIEDE,38.1323098,13.350688,,38,Accessibile,Alta,No,12,,,VIII,Libertà,Notarbartolo - Giardino Inglese
S_09,SCUOLA GENTILI,Scuola,SERVIZI PUBBLICI – ISTRUZIONE - SCUOLA SECONDARIA E DI I GRADO,,,38.1315736,13.3467739,"Via Francesco Lo Jacono, 1",62,Parzialmente inaccessibile,Alta,No,7,Campanello troppo alto; maniglioni porta con scarso contrasto cromatico; guide poco definite; bagno non fruibile per ipovedenti; assenza pavimentazione tattile.,SCUOLA GENTILI,VIII,Libertà,Notarbartolo - Giardino Inglese
AV_11,"PARCO PIERSANTI MATTARELLA, VIALE DELLA LIBERTÀ",Area verde,AREE URBANE,AMBITO RESIDENZIALE DI ESPANSIONE – AREA AD ALTA DENSITÀ DI TRAFFICO,PERCORSI INTERNI,38.13344837,13.35272592,Via della Libertà,41,Parzialmente accessibile,Alta,No,10,,,VIII,Libertà,Notarbartolo - Giardino Inglese
AV_10,"VILLA GARIBALDI, VIALE DELLA LIBERTÀ",Area verde,AREE URBANE,AMBITO RESIDENZIALE DI ESPANSIONE – AREA AD ALTA DENSITÀ DI TRAFFICO,PERCORSI INTERNI,38.13138033,13.35084746,Via della Libertà,46,Parzialmente accessibile,Alta,No,7,,,VIII,Libertà,Notarbartolo - Giardino Inglese
U_11,SERVIZI EDUCATIVI,Sede amministrativa/istituzionale,SERVIZI PUBBLICI – UFFICI - UFFICIO AMMINISTRATIVO COMUNALE (AREA DELL'ISTRUZIONE E FORMAZIONE),,,38.1329399,13.3457741,"Via Emanuele Notarbartolo, 21/A",68,Parzialmente inaccessibile,Alta,No,7,Rampa con pendenza eccessiva; ascensore non funzionante; sanitari non idonei; porte pesanti; totale assenza di segnalazioni sensoriali.,SERVIZI EDUCATIVI,VIII,Libertà,Notarbartolo - Giardino Inglese
VC_39,VIA SAMPOLO,Via cittadina,PERCORSI CITTADINI,ARTERIA DI COLLEGAMENTO,MARCIAPIEDE,38.1349732,13.3570685,,50,Parzialmente accessibile,Alta,No,8,,,VIII,Libertà,Marchese di Villabianca - Sampolo
VC_36,VIA MARCHESE DI VILLABIANCA,Via cittadina,PERCORSI CITTADINI,ASSE URBANO A PREVALENTE CARATTERE RESIDENZIALE,MARCIAPIEDE,38.1381441,13.3498518,,40,Parzialmente accessibile,Alta,No,17,,,VIII,Libertà,Marchese di Villabianca - Sampolo
S_08,SCUOLA TRIESTE,Scuola,SERVIZI PUBBLICI – ISTRUZIONE - SCUOLA DELL’INFANZIA E PRIMARIA,,,38.1401308,13.3516598,"Via Sampolo, 63",73,Parzialmente inaccessibile,Alta,No,7,Sanitari non idonei; assenza maniglione antipanico; dislivello all'ingresso; assenza percorso tattile; porte non idonee.,SCUOLA TRIESTE,VIII,Libertà,Marchese di Villabianca - Sampolo
A_05,NIDO AQUILONE,Asilo,SERVIZI PUBBLICI – ISTRUZIONE – ASILO,,,38.1377195,13.3516283,"Via Maggiore Pietro Toselli, 85A",56,Parzialmente accessibile,Alta,No,7,Pavimentazione esterna sconnessa; citofono troppo alto; assenza di pavimentazione tattile e segnaletica per ipovedenti.,NIDO AQUILONE,VIII,Libertà,Marchese di Villabianca - Sampolo
VC_38,VIALE LAZIO – VIA IMPERATORE FEDERICO,Via cittadina,PERCORSI CITTADINI,ASSE URBANO COMMERCIALE,MARCIAPIEDE,38.1417416,13.3368797,,38,Accessibile,Alta,No,16,,,VIII,Libertà,Vittorio Veneto
S_06,SCUOLA GARZILLI,Scuola,SERVIZI PUBBLICI – ISTRUZIONE - SCUOLA DELL’INFANZIA E PRIMARIA,,,38.1411941,13.3426842,"Via Isonzo, 7",76,Parzialmente inaccessibile,Alta,No,7,Mancanza rampa esterna; bagno disabili non presente; dislivelli interni; antico portone d'ingresso non adeguato; assenza segnaletica ipovedenti.,SCUOLA GARZILLI,VIII,Libertà,Vittorio Veneto
AV_04,"GIARDINO DELLE ROSE, VIA BRIGATA VERONA",Area verde,AREE URBANE,AMBITO RESIDENZIALE DI ESPANSIONE – AREA AD ALTA DENSITÀ DI TRAFFICO,PERCORSI INTERNI,38.14341684,13.34002683,"Via Brigata Verona, 13",33,Accessibile,Alta,No,4,,,VIII,Libertà,Vittorio Veneto
VS_12,VIA EMERICO AMARI,Percorso storico,PERCORSI STORICI,"ASSE VIARIO COMMERCIALE, PARZIALMENTE PEDONALIZZATO",MARCIAPIEDE,38.1253129,13.3581019,,44,Parzialmente accessibile,Alta,No,13,,,VIII,Politeama,Croci - Ruggiero Settimo
VS_11,VIA PRINCIPE DI BELMONTE,Percorso storico,PERCORSI STORICI,VIA PREVALENTEMENTE PEDONALIZZATA E COMMERCIALE,MARCIAPIEDE,38.1240754,13.3576852,,42,Parzialmente accessibile,Alta,No,13,,,VIII,Politeama,Croci - Ruggiero Settimo
VC_40,VIA PRINCIPE DI VILLAFRANCA – VIA PIERSANTI MATTARELLA – VIA GIACOMO LEOPARDI – VIA BORIS GIULIANO,Via cittadina,PERCORSI CITTADINI,AREA RESIDENZIALE,MARCIAPIEDE,38.1265633,13.3510724,,41,Parzialmente accessibile,Alta,No,19,,,VIII,Politeama,Croci - Ruggiero Settimo
S_16,SCUOLA POLITEAMA,Scuola,SERVIZI PUBBLICI – ISTRUZIONE - SCUOLA PRIMARIA,,,38.1244065,13.3539511,"P.za Castelnuovo, 40",69,Parzialmente inaccessibile,Alta,No,7,"Bagno disabili non conforme; presenza di gradini nei percorsi; assenza dispositivo richiesta assistenza, pavimentazione e percorso tattile.",SCUOLA POLITEAMA,VIII,Politeama,Croci - Ruggiero Settimo
S_13,SCUOLA RAPISARDI,Scuola,"SERVIZI PUBBLICI – ISTRUZIONE - SCUOLA SECONDARIA, DI I GRADO, PRIMARIA",,,38.1285901,13.3494626,"Via Caltanissetta, 27",69,Parzialmente inaccessibile,Alta,No,7,Misure bagno non idonee; campanello troppo alto; fasce cromatiche confondenti; porta non idonea; assenza pavimentazione tattile.,SCUOLA RAPISARDI,VIII,Politeama,Croci - Ruggiero Settimo
S_10,SCUOLA GARIBALDI,Scuola,"SERVIZI PUBBLICI – ISTRUZIONE - SCUOLA SECONDARIA, DI I GRADO, PRIMARIA",,,38.1317898,13.3547923,"Via delle Croci, 5",71,Parzialmente inaccessibile,Alta,No,7,Campanello troppo alto; maniglioni bagno assenti o insufficienti; presenza di gradini nei percorsi; indicazioni ipovedenti non chiare; assenza pavimentazione tattile.,SCUOLA GARIBALDI,VIII,Politeama,Croci - Ruggiero Settimo
P_01,PIAZZA CASTELNUOVO,Piazza,AREE URBANE,AREA RESIDENZIALE E COMMERCIALE,PIAZZA,38.12444135,13.35511518,P.za Castelnuovo,35,Accessibile,Alta,No,6,,,VIII,Politeama,Croci - Ruggiero Settimo
AV_14,"GIARDINO, PIAZZA IGNAZIO FLORIO",Area verde,AREE URBANE,AMBITO RESIDENZIALE,PERCORSI INTERNI,38.12487562,13.36011864,"P.za Ignazio Florio, 1",42,Parzialmente accessibile,Alta,No,4,,,VIII,Politeama,Borgo Vecchio - Principe Scordia
VS_33,VIA DOMENICO SCINA’ – VIA FILIPPO TURATI – VIA DANTE – VIA SERRADIFALCO – VIA ALESSIO NARBONE,Percorso storico,PERCORSI STORICI,STRADE INTERNE AD ALTA DENSITÀ,MARCIAPIEDE,38.1286159,13.3590659,,41,Parzialmente accessibile,Alta,No,18,,,VIII,Politeama,Borgo Vecchio - Principe Scordia
VS_13,VIA PRINCIPE DI SCORDIA – VIA DOMENICO SCINÀ,Percorso storico,PERCORSI STORICI,ARTERIE CENTRALI AD ALTO TRAFFICO,MARCIAPIEDE,38.1233452,13.3617238,,49,Parzialmente accessibile,Alta,No,12,,,VIII,Politeama,Borgo Vecchio - Principe Scordia
U_15,RAGIONERIA GENERALE,Sede amministrativa/istituzionale,SERVIZI PUBBLICI – UFFICI - UFFICIO AMMINISTRATIVO COMUNALE (AREA DELLE RISORSE FINANZIARIE),,,38.1172778,13.3634032,"Via Roma, 209",65,Parzialmente inaccessibile,Alta,No,7,Parcheggi distanti; rampe interne ripide; pavimentazione scivolosa; assenza di maniglioni antipanico e guide tattili.,RAGIONERIA GENERALE,VIII,Politeama,Borgo Vecchio - Principe Scordia
VS_10,VIA CAVOUR - VIA FILIPPO PATTI,Percorso storico,PERCORSI STORICI,ASSE VIARIO DI COLLEGAMENTO,MARCIAPIEDE,38.12303462,13.36615883,,44,Parzialmente accessibile,Alta,No,14,,,VIII,Politeama,Borgo Vecchio - Principe Scordia
S_15,SCUOLA LA MASA,Scuola,SERVIZI PUBBLICI – ISTRUZIONE - SCUOLA DELL’INFANZIA E PRIMARIA,,,38.125611,13.3619759,"V. Giuseppe La Masa, 17",78,Parzialmente inaccessibile,Alta,No,5,,,VIII,Politeama,Borgo Vecchio - Principe Scordia
VC_04,VIA BRANCACCIO – VIA SAN GIOVANNI DI DIO – VIALE AMEDEO D’AOSTA,Via cittadina,PERCORSI CITTADINI,ASSI URBANI DI COLLEGAMENTO/RESIDENZIALE,MARCIAPIEDE,38.1024448,13.3783766,,46,Parzialmente accessibile,Alta,No,16,,,II,Settecannoli,Settecannoli
VC_07,VIA ARMANDO DIAZ – VIA MESSINA MARINE,Via cittadina,PERCORSI CITTADINI,ASSE DI SCORRIMENTO/AREA PERIFERICA,MARCIAPIEDE,38.10275356,13.39490537,,47,Parzialmente accessibile,Alta,No,16,,,II,Settecannoli,Settecannoli
VC_05,VIA DEI PICCIOTTI – VIA SALVATORE CAPPELLO – VIA MESSINA MARINE,Via cittadina,PERCORSI CITTADINI,VIABILITÀ URBANA DI COLLEGAMENTO,MARCIAPIEDE,38.10475532,13.38290175,,37,Accessibile,Alta,No,18,,,II,Settecannoli,Settecannoli
VC_10,VIA MESSINA MARINE – VIA ANTONINO LAUDICINA,Via cittadina,PERCORSI CITTADINI,VIABILITÀ LOCALE,MARCIAPIEDE,38.0979185,13.4127941,,46,Parzialmente accessibile,Alta,No,12,,,II,Settecannoli,Roccella Acqua dei Corsari
VC_09,VIA XXVII MAGGIO – VIA MESSINA MARINE,Via cittadina,PERCORSI CITTADINI,VIABILITÀ URBANA LOCALE,MARCIAPIEDE,38.0963414,13.4041324,,37,Accessibile,Alta,No,16,,,II,Settecannoli,Roccella Acqua dei Corsari
VS_22,VIA  CIACULLI -CORSO DEI MILLE CROCEVERDE,Percorso storico,PERCORSI STORICI,ASSE VIARIO PERIFERICO,MARCIAPIEDE,38.0824974,13.3969218,,65,Parzialmente inaccessibile,Alta,No,17,,,II,Brancaccio-Ciaculli,Ciaculli Croce Verde
S_27,SCUOLA ORESTANO,Scuola,SERVIZI PUBBLICI – ISTRUZIONE - SCUOLA PRIMARIA,,,38.0944599,13.3846577,"Via Conte Federico, 3",70,Parzialmente inaccessibile,Alta,No,7,Gradini esterni e rampa assente per piano rialzato; campanello troppo alto; pavimentazione confondente; assenza dispositivi assistenza e pavimentazione tattile.,SCUOLA ORESTANO,II,Brancaccio-Ciaculli,Ciaculli Croce Verde
VC_50,VIA SAN CIRO,Via cittadina,PERCORSI CITTADINI,AREA RESIDENZIALE A TRAFFICO MEDIO,MARCIAPIEDE,38.0915693,13.3841626,,44,Parzialmente accessibile,Alta,No,9,,,II,Brancaccio-Ciaculli,Brancaccio Conte Federico
U_23,CIRCOSCRIZIONE II,Sede amministrativa/istituzionale,SERVIZI PUBBLICI – UFFICI - SEDE ISTITUZIONALE E AMMINISTRATIVA CIRCOSCRIZIONALE,,,38.09488769,13.3831153,"Via San Ciro, 17",70,Parzialmente inaccessibile,Alta,No,7,Accesso principale con scale; rampa in metallo non ottimale; assenza di citofono; bagno per disabili non presente; mancanza di percorsi e segnalazioni tattili.,CIRCOSCRIZIONE II,II,Brancaccio-Ciaculli,Brancaccio Conte Federico
U_24,CIMITERO S.M. DI GESÙ,Sede amministrativa/istituzionale,SERVIZI PUBBLICI – UFFICI - CIMITERO COMUNALE STATALE,,,38.0824471,13.3786753,"Salita Belvedere, 3",63,Parzialmente inaccessibile,Alta,No,7,Percorsi con scale e pendenze; dislivelli agli ingressi; guida tattile limitata; servizi igienici privi di ausili sufficienti.,CIMITERO S.M. DI GESÙ,III,Villagrazia-Falsomiele,Chiavelli - S.Maria di Gesù
VC_47,VIA ROSSA GUIDO – VIA DAMIANO LO GRECO – VIA DEL BASSOTTO – VIADOTTO CARLO PERRIER – VIA DELL’ORSA,Via cittadina,PERCORSI CITTADINI,RESIDENZIALE,MARCIAPIEDE,38.0821905,13.3602297,,46,Parzialmente accessibile,Alta,No,20,,,III,Villagrazia-Falsomiele,Bonagia
A_19,NIDO PELLICANO,Asilo,SERVIZI PUBBLICI – ISTRUZIONE – ASILO,,,38.0818479,13.3573299,"Via Rossa Guido, 8",57,Parzialmente accessibile,Alta,No,4,Citofono troppo alto; porta servizio igienico senza maniglione antipanico; assenza pavimentazione tattile.,NIDO PELLICANO,III,Villagrazia-Falsomiele,Bonagia
A_15,NIDO ERMELLINO,Asilo,SERVIZI PUBBLICI – ISTRUZIONE – ASILO,,,38.0865872,13.3645822,"Vle Nicolò Azoti, 35",59,Parzialmente accessibile,Alta,No,4,Citofono troppo alto; porta d'ingresso non idonea; pavimentazione interna usurata; assenza maniglione antipanico e insufficienza maniglioni nei bagni; assenza pavimentazione tattile.,NIDO ERMELLINO,III,Villagrazia-Falsomiele,Bonagia
VC_48,VIA DELL’ORSA MAGGIORE – VIA S. FILIPPO – VIA DELL’AIRONE – VIA GIUSEPPE MANIACI,Via cittadina,PERCORSI CITTADINI,PERIFERICO RESIDENZIALE,MARCIAPIEDE,38.0938026,13.3636273,,46,Parzialmente accessibile,Alta,No,18,,,III,Villagrazia-Falsomiele,Falsomiele Borgo Ulivia
A_17,NIDO ALLODOLA,Asilo,SERVIZI PUBBLICI – ISTRUZIONE – ASILO,,,38.0871078,13.3547959,"Via Giuseppe Maniaci, 36",57,Parzialmente accessibile,Alta,No,4,Assenza maniglione antipanico; rivestimento bagno senza contrasto cromatico; citofono non a norma; assenza pavimentazione tattile.,NIDO ALLODOLA,III,Villagrazia-Falsomiele,Falsomiele Borgo Ulivia
VU_02,CORSO CALATAFIMI – CORSO VITTORIO EMANUELE – PIAZZA DELLA VITTORIA – VIA DEL BASTIONE -,Percorso UNESCO,PERCORSI UNESCO,AREA STORICO-ISTITUZIONALE,MARCIAPIEDE,38.0962272,13.3134713,,50,Parzialmente accessibile,Alta,No,13,,,IV,Mezzomonreale -Villa Tasca,Mezzomonreale
VS_38,CORSO CALATAFIMI,Percorso storico,PERCORSI STORICI,VIALE PRINCIPALE,MARCIAPIEDE,38.0962272,13.3134713,,40,Parzialmente accessibile,Alta,No,19,,,IV,Mezzomonreale -Villa Tasca,Mezzomonreale
VC_03,VIA PARUTA,Via cittadina,PERCORSI CITTADINI,VIABILITÀ URBANA LOCALE /RESIDENZIALE,MARCIAPIEDE,38.0935489,13.3198958,,44,Parzialmente accessibile,Alta,No,14,,,IV,Mezzomonreale -Villa Tasca,Mezzomonreale
VC_02,CORSO CALATAFIMI,Via cittadina,PERCORSI CITTADINI,ASSE PRINCIPALE DI SCORRIMENTO URBANO/COMMERCIALE,MARCIAPIEDE,38.0962272,13.3134713,,34,Accessibile,Alta,No,19,,,IV,Mezzomonreale -Villa Tasca,Mezzomonreale
VC_01,VIA PORRAZZI - VIA RAFFAELE LA VALLE - VIA PALMERINO - VIA AGOSTINO CATALANO - CORSO PIETRO PISANI,Via cittadina,PERCORSI CITTADINI,ASSE URBANO RESIDENZIALE E DI SERVIZI CON VIABILITÀ SECONDARIA,MARCIAPIEDE,38.1035043,13.3339736,,42,Parzialmente accessibile,Alta,No,13,,,IV,Mezzomonreale -Villa Tasca,Villa Tasca
A_13,NIDO DRAGO,Asilo,SERVIZI PUBBLICI – ISTRUZIONE – ASILO,,,38.1051756,13.3314309,"Via Aurelio Drago, 42",54,Parzialmente accessibile,Alta,No,5,Citofono troppo alto; assenza indicazioni per ipovedenti; ostacoli sul percorso esterno; assenza di pavimentazione tattile.,NIDO DRAGO,IV,Mezzomonreale -Villa Tasca,Villa Tasca
S_20,SCUOLA BONANNO,Scuola,SERVIZI PUBBLICI – ISTRUZIONE – SCUOLA DELL’INFANZIA E PRIMARIA,,,38.1108078,13.3282019,"Via Giuseppe Pitrè, 183",77,Parzialmente inaccessibile,Alta,No,4,,,IV,Altarello,Altarello - Tasca Lanza
A_20,NIDO MASIH IQBAL,Asilo,SERVIZI PUBBLICI – ISTRUZIONE – ASILO,,,38.1237874,13.3149331,"Via Romualdo Salernitano, 45",66,Parzialmente inaccessibile,Alta,No,7,Percorso di accesso non accessibile; citofono troppo alto; bagni non fruibili per mancanza di maniglioni e porta non a norma; pavimentazione tattile assente; presenza di dislivelli.,NIDO MASIH IQBAL,V,Uditore-Passo Di Rigano,Leonardo da Vinci - Di Blasi
A_22,NIDO LIDIA TORNATORE,Asilo,SERVIZI PUBBLICI – ISTRUZIONE – ASILO,,,38.12653915,13.32541271,"Via Donato Bramante, 17",65,Parzialmente inaccessibile,Alta,No,4,Citofono troppo alto; porta ingresso non idonea; larghezza porte interne insufficiente; bagno disabili non presente; pavimentazione tattile assente; pavimentazione esterna sconnessa.,NIDO LIDIA TORNATORE,V,Uditore-Passo Di Rigano,Leonardo da Vinci - Di Blasi
VS_43,VIA DOGALI – VIA ROCCAZZO,Percorso storico,PERCORSI STORICI,ARTERIE INTERNE PERIFERICHE,MARCIAPIEDE,38.1248525,13.3128783,,37,Accessibile,Alta,No,12,,,V,Uditore-Passo Di Rigano,Passo di Rigano
AV_07,"GIARDINO PUBBLICO, VIALE MICHELANGELO",Area verde,AREE URBANE,AMBITO RESIDENZIALE DI PERIFERIA - ASSE DI SCORRIMENTO,PERCORSI INTERNI,38.13262662,13.30777273,"Viale Michelangelo, 2054",38,Accessibile,Bassa,No,7,,,V,Uditore-Passo Di Rigano,Passo di Rigano
A_14,NIDO TOM & JERRY,Asilo,SERVIZI PUBBLICI – ISTRUZIONE – ASILO,,,38.1266565,13.3082916,Viale Leonardo da Vinci,71,Parzialmente inaccessibile,Alta,No,7,Inadeguatezza dei servizi igienici (assenti o non fruibili); barriere nei sistemi di collegamento verticale e scale esterne prive di rampe; citofono troppo alto; pavimentazione sconnessa; assenza di informazioni per ipovedenti.,NIDO TOM & JERRY,V,Uditore-Passo Di Rigano,Passo di Rigano
A_07,NIDO FILASTROCCA,Asilo,SERVIZI PUBBLICI – ISTRUZIONE – ASILO,,,38.124993,13.3077569,"Via Tembien, 1",61,Parzialmente accessibile,Alta,No,7,Difficoltà di accostamento al citofono; maniglioni antipanico non contrastati cromaticamente; assenza maniglione nel servizio igienico; presenza di dislivelli e assenza pavimentazione tattile.,NIDO FILASTROCCA,V,Uditore-Passo Di Rigano,Passo di Rigano
VS_44,VIA UDITORE – PIAZZA CHIESA SANT’ALFONSO DEI LIGUORI – VIA MAMMANA,Percorso storico,PERCORSI STORICI,ARTERIE INTERNE PERIFERICHE,MARCIAPIEDE,38.1292352,13.3262857,,41,Parzialmente accessibile,Alta,No,14,,,V,Uditore-Passo Di Rigano,Uditore
VC_30,VIA UDITORE - VIA NAZARIO SAURO,Via cittadina,PERCORSI CITTADINI,RESIDENZIALE,MARCIAPIEDE,38.1292352,13.3262857,,48,Parzialmente accessibile,Alta,No,16,,,V,Uditore-Passo Di Rigano,Uditore
AV_06,"GIARDINO PUBBLICO, VIA TINDARI",Area verde,AREE URBANE,AMBITO RESIDENZIALE DI PERIFERIA,PERCORSI INTERNI,38.12899488,13.29510708,"Via Tindari, 70-72",54,Parzialmente accessibile,Bassa,No,7,,,V,Borgo Nuovo,Borgo Nuovo
A_18,NIDO PAPAVERO,Asilo,SERVIZI PUBBLICI – ISTRUZIONE – ASILO,,,38.13104,13.30169,"V. Acireale, 1",59,Parzialmente accessibile,Alta,No,4,Pavimentazione esterna e rampe sconnesse/non idonee; citofono non idoneo; assenza di maniglioni nei servizi; assenza segnalazione per ipovedenti.,NIDO PAPAVERO,V,Borgo Nuovo,Borgo Nuovo
U_12,CIRCOSCRIZIONE V P.D. BORGONUOVO,Sede amministrativa/istituzionale,SERVIZI PUBBLICI – UFFICI - UFFICIO PUBBLICO DECENTRATO / SPORTELLO POLIFUNZIONALE,,,38.1283856,13.299314,"Largo Pozzillo, 7",63,Parzialmente inaccessibile,Alta,No,1,Accesso compromesso da dislivelli; rampa con pendenza eccessiva; pavimentazione sconnessa; assenza di indicazioni per ipovedenti; bagni non a norma.,CIRCOSCRIZIONE V BORGONUOVO,V,Borgo Nuovo,Borgo Nuovo
VC_26,VIA LUIGI BARBA – VIA BARISANO DA TRANI – VIA FILIPPO PALADINI – VIALE MICHELANGELO – VIA ACIREALE – VIA,Via cittadina,PERCORSI CITTADINI,VIABILITÀ URBANA DI QUARTIERE/RESIDENZIALE,MARCIAPIEDE,38.1368187,13.310955,,46,Parzialmente accessibile,Alta,No,12,,,VI,Cruillas - S.Giovanni Apostolo,San Giovanni Apostolo
AV_05,PIAZZA BENVENUTO CELLINI,Area verde,AREE URBANE,AMBITO RESIDENZIALE DI PERIFERIA,PERCORSI INTERNI,38.13720382,13.30947472,Piazza Benvenuto Cellini,47,Parzialmente accessibile,Bassa,No,7,,,VI,Cruillas - S.Giovanni Apostolo,San Giovanni Apostolo
A_06,NIDO PETER PAN,Asilo,SERVIZI PUBBLICI – ISTRUZIONE – ASILO,,,38.1359387,13.3108838,"Via Barisano da Trani, 5",58,Parzialmente accessibile,Alta,No,4,Citofono troppo alto; assenza di guida naturale/artificiale per ipovedenti; porta servizio igienico priva di maniglione antipanico; assenza di pavimentazione tattile.,NIDO PETER PAN,VI,Cruillas - S.Giovanni Apostolo,San Giovanni Apostolo
VS_45,VIA CRUILLAS – VIA TRABUCCO,Percorso storico,PERCORSI STORICI,ARTERIE INTERNE PERIFERICHE,MARCIAPIEDE,38.1440548,13.3182606,,64,Parzialmente inaccessibile,Alta,No,18,,,VI,Cruillas - S.Giovanni Apostolo,Cruillas
VS_51,VIA GIUSEPPE PREZZOLINI – VIA NUOVA – VIA DEI QUARTIERI – VIALE DUCA DEGLI ABBRUZZI – VIA MATER DOLOROSA,Percorso storico,PERCORSI STORICI,ARTERIE INTERNE PERIFERICHE,MARCIAPIEDE,38.1594707,13.321139,,44,Parzialmente accessibile,Alta,No,20,,,VI,Resuttana - S.Lorenzo,San Lorenzo
VC_42,VIALE FRANCIA – VIA UGO LA MALFA,Via cittadina,PERCORSI CITTADINI,AREA COMMERCIALE E DIREZIONALE,MARCIAPIEDE,38.1549578,13.3230181,,44,Parzialmente accessibile,Alta,No,15,,,VI,Resuttana - S.Lorenzo,San Lorenzo
U_03,SETTORE SERVIZI ALLE IMPRESE - SUAP,Sede amministrativa/istituzionale,SERVIZI PUBBLICI – UFFICI - SPORTELLO UNICO,,,38.15868366,13.31661228,"Via Ugo la Malfa, 34",66,Parzialmente inaccessibile,Alta,No,5,Accesso compromesso da scale e pendenze; campanello troppo alto; sportello informazioni non accessibile; servizi igienici privi di maniglioni; assenza di percorsi tattili.,SETTORE SERVIZI ALLE IMPRESE - SUAP,VI,Resuttana - S.Lorenzo,San Lorenzo
U_02,SERVIZIO POLIZIA MUNICIPALE,Sede amministrativa/istituzionale,SERVIZI PUBBLICI – UFFICI - COMANDO POLIZIA LOCALE / PUBBL. SICUREZZA,,,38.1609972,13.3134669,"V. Ugo La Malfa, 72",61,Parzialmente accessibile,Alta,No,4,,,VI,Resuttana - S.Lorenzo,San Lorenzo
S_02,SCUOLA BENTIVEGNA,Scuola,SERVIZI PUBBLICI – ISTRUZIONE – SCUOLA DELL’INFANZIA E PRIMARIA,,,38.1608417,13.3275578,"Via San Lorenzo, 85",73,Parzialmente inaccessibile,Alta,No,7,Mancanza di parcheggio rampa; campanello troppo alto; antibagno piccolo; insufficienza maniglioni; assenza percorso tattile; cromatismi non idonei.,SCUOLA BENTIVEGNA,VI,Resuttana - S.Lorenzo,San Lorenzo
AV_03,"GIARDINO PIAZZA NISCEMI, PIAZZA NISCEMI",Area verde,AREE URBANE,AMBITO RESIDENZIALE,PERCORSI INTERNI,38.16304917,13.33291298,"Piazza Niscemi, 20",42,Parzialmente accessibile,Alta,No,9,,,VI,Resuttana - S.Lorenzo,San Lorenzo
U_05,CIRCOSCRIZIONE VI - SPORTELLO POLIFUNZIONALE,Sede amministrativa/istituzionale,SERVIZI PUBBLICI – UFFICI - SPORTELLO POLIFUNZIONALE DI SERVIZI DEMOGRAFICI E AMMINISTRATIVI,,,38.1536772,13.325077,"Via Monte San Calogero, 26/28",58,Parzialmente accessibile,Alta,No,10,,,VI,Resuttana - S.Lorenzo,Resuttana
S_04,SCUOLA MALAGUZZI,Scuola,SERVIZI PUBBLICI – ISTRUZIONE – SCUOLA DELL’INFANZIA,,,38.1483229,13.3287224,"Via Monti Iblei, 49/53",61,Parzialmente accessibile,Alta,No,4,Assenza parcheggio rampa; campanello troppo alto; water non adeguato; assenza pavimentazione tattile; porta non idonea.,SCUOLA MALAGUZZI,VI,Resuttana - S.Lorenzo,Resuttana
S_03,SCUOLA COLLODI,Scuola,SERVIZI PUBBLICI – ISTRUZIONE – SCUOLA DELL’INFANZIA E PRIMARIA,,,38.1515597,13.3322819,"Via Briuccia, 89",62,Parzialmente inaccessibile,Alta,No,7,Campanello troppo alto; assenza maniglione antipanico; water non idoneo; corrimano discontinuo; assenza pavimentazione tattile; porte non idonee.,SCUOLA COLLODI,VI,Resuttana - S.Lorenzo,Resuttana
A_21,NIDO GRILLO PARLANTE,Asilo,SERVIZI PUBBLICI – ISTRUZIONE – ASILO,,,38.1551531,13.3336609,"Via Caduti Senza Croce, 22",62,Parzialmente inaccessibile,Alta,No,4,Rampa che termina su un gradino di 5 cm; citofono non raggiungibile; mancanza di contrasto cromatico su porte e maniglioni; bagni con maniglioni insufficienti; assenza segnaletica per ipovedenti.,NIDO GRILLO PARLANTE,VI,Resuttana - S.Lorenzo,Resuttana
A_04,NIDO MELOGRANO,Asilo,SERVIZI PUBBLICI – ISTRUZIONE – ASILO,,,38.1513195,13.3267831,"Via Monte San Calogero, 10",62,Parzialmente inaccessibile,Alta,No,7,Citofono troppo alto; larghezza corridoi e porte insufficiente; assenza di maniglione antipanico nel bagno; sanitari non idonei; pavimentazione sconnessa.,NIDO MELOGRANO,VI,Resuttana - S.Lorenzo,Resuttana
VC_46,VIA ALCIDE DE GASPERI – VIALE DEL FANTE,Via cittadina,PERCORSI CITTADINI,ASSE RESIDENZIALE,MARCIAPIEDE,38.1504703,13.3359204,,34,Accessibile,Alta,No,16,,,VI,Resuttana - S.Lorenzo,Resuttana
VC_45,VIA SALVATORE ALDISIO – VIA RESUTTANA – VIA CADUTI SENZA CROCE,Via cittadina,PERCORSI CITTADINI,RESIDENZIALE,MARCIAPIEDE,38.1555645,13.3300872,,35,Accessibile,Alta,No,10,,,VI,Resuttana - S.Lorenzo,Resuttana
VC_43,VIA BELGIO – VIA MONTE SAN CALOGERO,Via cittadina,PERCORSI CITTADINI,RESIDENZIALE,MARCIAPIEDE,38.1490574,13.3270326,,39,Parzialmente accessibile,Alta,No,11,,,VI,Resuttana - S.Lorenzo,Resuttana
U_07,POLO TECNICO,Sede amministrativa/istituzionale,SERVIZI PUBBLICI – UFFICI - UFFICIO TECNICO COMUNALE,,,38.1502623,13.3346845,"Via Ausonia, 69",69,Parzialmente inaccessibile,Alta,No,7,Assenza di percorsi tattili; corrimano discontinuo; sportello informazioni troppo alto; servizi igienici con maniglioni insufficienti; presenza di cordoli esterni.,POLO TECNICO,VI,Resuttana - S.Lorenzo,Resuttana
U_06,STADIO COMUNALE R. BARBERA,Sede amministrativa/istituzionale,SERVIZI PUBBLICI – UFFICI - SEDE SPORTIVA PALERMO F.C.,,,38.1525936,13.3418485,"Vle del Fante, 11",67,Parzialmente inaccessibile,Alta,No,7,Segnaletica orizzontale e tattile non a norma; pavimentazione discontinua; percorsi di visita limitati; pendenze eccessive; bagni con ostacoli e soffitto basso.,STADIO COMUNALE R. BARBERA,VI,Resuttana - S.Lorenzo,Resuttana
VS_56,VIA TOMMASO NATALE,Percorso storico,PERCORSI STORICI,ALTA PRESSIONE TURISTICA,MARCIAPIEDE,38.1825964,13.2973162,,41,Parzialmente accessibile,Alta,No,14,,,VII,Tommaso Natale - Sferracavallo,Tommaso Natale - Sant'Ambrogio - Cardillo
VC_20,PIAZZA MANDORLE – VIA PARTANNA MONDELLO – VIA EMILIO SALGARI,Via cittadina,PERCORSI CITTADINI,AREA PERIFERICA,MARCIAPIEDE,38.1881863,13.2890578,,51,Parzialmente accessibile,Alta,No,13,,,VII,Tommaso Natale - Sferracavallo,Tommaso Natale - Sant'Ambrogio - Cardillo
VS_57,PIAZZA SFERRACAVALLO (S.S.113) - VIA TORRETTA (S.S.113) - VIA CATULLO,Percorso storico,PERCORSI STORICI,AREA TURISTICA,MARCIAPIEDE,38.1982151,13.276741,,50,Parzialmente accessibile,Alta,No,12,,,VII,Tommaso Natale - Sferracavallo,Sferracavallo
A_01,NIDO FRANCESCA MORVILLO,Asilo,SERVIZI PUBBLICI – ISTRUZIONE – ASILO,,,38.1982215,13.2811645,"Via Pegaso, 29",62,Parzialmente inaccessibile,Alta,No,7,Sconnessioni nel percorso di accesso; citofono troppo alto; assenza di pavimentazione tattile e segnaletica per ipovedenti; maniglioni insufficienti nei servizi igienici; pendenza eccessiva all'esterno.,NIDO FRANCESCA MORVILLO,VII,Tommaso Natale - Sferracavallo,Sferracavallo
VS_55,VIALE REGINA ELENA,Percorso storico,PERCORSI STORICI,ALTA PRESSIONE TURISTICA E OSTRUZIONE,MARCIAPIEDE,38.1991815,13.3289351,,41,Parzialmente accessibile,Alta,No,13,,,VII,Partanna Mondello,Partanna Mondello
VS_54,VIA PRINCIPE DI SCALEA (S.S.113) - VIA GLAUCO (S.S.113) - VIA ANADIOMENE (S.S.113),Percorso storico,PERCORSI STORICI,VIE LITORALI ALTO TRAFFICO,MARCIAPIEDE,38.1991285,13.3276869,,42,Parzialmente accessibile,Alta,No,12,,,VII,Partanna Mondello,Partanna Mondello
VS_53,VIA PARTANNA MONDELLO (S.S.113) - VIA LORENZO IANDOLINO (S.S.113) - VIA CARBONE (S.S.113) - VIALE,Percorso storico,PERCORSI STORICI,VIALE DI SCORRIMENTO,MARCIAPIEDE,38.1943426,13.3044966,,44,Parzialmente accessibile,Alta,No,16,,,VII,Partanna Mondello,Partanna Mondello
VC_25,VIALE MARGHERITA DI SAVOIA,Via cittadina,PERCORSI CITTADINI,TURISTICO-BALNEARE,MARCIAPIEDE,38.1899621,13.3328917,,36,Accessibile,Alta,No,13,,,VII,Partanna Mondello,Partanna Mondello
VC_24,VIALE IRIS,Via cittadina,PERCORSI CITTADINI,TURISTICO-BALNEARE,MARCIAPIEDE,38.1992595,13.3281904,,48,Parzialmente accessibile,Alta,No,12,,,VII,Partanna Mondello,Partanna Mondello
VC_21,VIA TETI – VIALE PRINCIPE DI SCALEA,Via cittadina,PERCORSI CITTADINI,TURISTICO-BALNEARE,MARCIAPIEDE,38.2057435,13.3242887,,41,Parzialmente accessibile,Alta,No,13,,,VII,Partanna Mondello,Partanna Mondello
VC_23,VIALE DELLE ROSE,Via cittadina,PERCORSI CITTADINI,TURISTICO-BALNEARE,MARCIAPIEDE,38.20078366,13.32670414,,42,Parzialmente accessibile,Alta,No,12,,,VII,Partanna Mondello,Partanna Mondello
A_08,NIDO LA MIMOSA,Asilo,SERVIZI PUBBLICI – ISTRUZIONE – ASILO,,,38.1715029,13.3274052,"Viale Duca degli Abruzzi, 12",56,Parzialmente accessibile,Alta,No,7,Citofono non idoneo; pavimentazione esterna sconnessa; assenza di pavimentazione tattile; locali non fruibili per ipovedenti.,NIDO LA MIMOSA,VII,Pallavicino,Pallavicino
A_03,NIDO CLAUDIO DOMINO,Asilo,SERVIZI PUBBLICI – ISTRUZIONE – ASILO,,,38.1699863,13.3225272,"Piazza Contardo Ferrini, 14",67,Parzialmente inaccessibile,Alta,No,7,Criticità diffuse nei collegamenti verticali; percorso di accesso non a norma; citofono non raggiungibile; assenza di guida per ipovedenti; porta servizio igienico priva di maniglione antipanico; presenza di vegetazione infestante.,NIDO CLAUDIO DOMINO,VII,Pallavicino,Patti - Villaggio Ruffini
VS_52,VIALE DELLA RESURREZIONE,Percorso storico,PERCORSI STORICI,"VIALE DI SCORRIMENTO NORD, TRAFFICO INTENSO",MARCIAPIEDE,38.1687794,13.3224068,,48,Parzialmente accessibile,Alta,No,14,,,VII,Pallavicino,Patti - Villaggio Ruffini
VC_18,VIA ELEONORA DUSE – VIA PADRE ROSARIO DA PARTANNA,Via cittadina,PERCORSI CITTADINI,ASSE RESIDENZIALE,MARCIAPIEDE,38.1707584,13.3189526,,51,Parzialmente accessibile,Alta,No,13,,,VII,Pallavicino,Patti - Villaggio Ruffini
U_01,CIRCOSCRIZIONE VII - DIREZIONE/ORGANI ISTITUZIONALI,Sede amministrativa/istituzionale,SERVIZI PUBBLICI – UFFICI - UFFICIO AMMINISTRATIVO COMUNALE,,,38.1711424,13.3187865,"Via Eleonora Duse, 31",58,Parzialmente accessibile,Alta,No,7,,,VII,Pallavicino,Patti - Villaggio Ruffini
VC_17,VIA FRANCESCO DE GOBBIS - VIA AGESIA DI SIRACUSA (NON VALUTABILE),Via cittadina,PERCORSI CITTADINI,,,38.1789511,13.309922,,,Non valutabile,,Si,0,,,VII,Pallavicino,San Filippo Neri
VC_16,VIA SMITH ADAMO - VIA FAUSTO COPPI (NON VALUTABILE),Via cittadina,PERCORSI CITTADINI,,,38.177228,13.311839,,,Non valutabile,,Si,0,,,VII,Pallavicino,San Filippo Neri
AV_01,"PARCO D’URSO ERMELINDA, VIA GINO ZAPPA (NON VALUTABILE)",Area verde,AREE URBANE,,,38.17854501,13.31196752,"Via Gino Zappa, 154",,Non valutabile,,Si,0,,,VII,Pallavicino,San Filippo Neri
A_02,NIDO LA COCCINELLA,Asilo,SERVIZI PUBBLICI – ISTRUZIONE – ASILO,,,38.1804824,13.3111392,"Via Pietro D'Alvise, 2",56,Parzialmente accessibile,Alta,No,7,Assenza di segnaletica per ipovedenti; porta d'ingresso e interne parzialmente adeguate; maniglioni insufficienti nel bagno disabili; assenza di pavimentazione tattile.,NIDO LA COCCINELLA,VII,Pallavicino,San Filippo Neri
VC_15,VIA ANWAR SADAT – VIA AMMIRAGLIO RIZZO,Via cittadina,PERCORSI CITTADINI,AREA DIREZIONALI E RESIDENZIALI,MARCIAPIEDE,38.1450728,13.3552687,,37,Accessibile,Alta,No,15,,,VIII,Montepellegrino,Montepellegrino
VC_14,VIA MONTEPELLEGRINO – VIA DEI CANTIERI – VIA DON ORIONE,Via cittadina,PERCORSI CITTADINI,ALTA PRESENZA DI SERVIZI,MARCIAPIEDE,38.139665,13.3580558,,43,Parzialmente accessibile,Alta,No,19,,,VIII,Montepellegrino,Montepellegrino
U_08,CASA COMUNALE - UFFICIO STATALE LOCALE,Sede amministrativa/istituzionale,SERVIZI PUBBLICI – UFFICI -   UFFICIO AMMINISTRATIVO COMUNALE,,,38.146376,13.3543356,"Via Anwar Sadat, 11/13",71,Parzialmente inaccessibile,Alta,No,4,Ascensore non a norma; sportello informazioni inaccessibile; pavimentazione esterna sconnessa; assenza di guide sensoriali e maniglioni antipanico; servizi igienici carenti.,CASA COMUNALE,VIII,Montepellegrino,Montepellegrino
VS_46,VIA MONTALBO,Percorso storico,PERCORSI STORICI,ARTERIA INTERNA PERIFERICA,MARCIAPIEDE,38.138124,13.3631565,,46,Parzialmente accessibile,Alta,No,13,,,VIII,Montepellegrino,Cantieri
U_10,"UFFICIO IGIENE E SALUTE, POLITICHE ABITATIVE E GIOVANILI",Sede amministrativa/istituzionale,SERVIZI PUBBLICI – UFFICI - UFFICIO DELLA PUBBLICA AMMINISTRAZIONE,,,38.1388411,13.3675212,"Via Montalbo, 249",61,Parzialmente accessibile,Alta,No,7,,,VIII,Montepellegrino,Cantieri
S_07,SCUOLA ABBA,Scuola,SERVIZI PUBBLICI – ISTRUZIONE - SCUOLA DELL’INFANZIA,,,38.1440059,13.3661859,"Via Giordano Calcedonio, 1",78,Parzialmente inaccessibile,Alta,No,7,Barriere architettoniche negli spazi comuni; pavimentazione esterna sconnessa; presenza di scalinate senza rampa; campanello troppo alto; assenza maniglioni nei bagni; parapetto scala non a norma.,SCUOLA ABBA,VIII,Montepellegrino,Acquasanta
VS_47,VIA AMMIRAGLIO RIZZO – PIAZZA ACQUASANTA – VIA BELMONTE (S.S.113),Percorso storico,PERCORSI STORICI,VIE STORICHE INTERNE E STRETTE,MARCIAPIEDE,38.14384252,13.36733502,,50,Parzialmente accessibile,Alta,No,13,,,VIII,Montepellegrino,Acquasanta
VC_11,VIA PAPA SERGIO I,Via cittadina,PERCORSI CITTADINI,ASSE RESIDENZIALE,MARCIAPIEDE,38.1573791,13.3708818,,38,Accessibile,Alta,No,13,,,VII,Arenella - Vergine Maria,Arenella
U_04,CIMITERO S. M. DEI ROTOLI,Sede amministrativa/istituzionale,SERVIZI PUBBLICI – UFFICI - CIMITERO COMUNALE STATALE,,,38.159836,13.3695591,"V. Papa Sergio I, 96",66,Parzialmente inaccessibile,Alta,No,7,Pavimentazione esterna sconnessa; dislivelli agli ingressi; porte strette; assenza di maniglioni antipanico e di segnaletica per non vedenti.,CIMITERO S. M. DEI ROTOLI,VII,Arenella - Vergine Maria,Arenella
S_05,SCUOLA RIZZO,Scuola,SERVIZI PUBBLICI - ISTRUZIONE - SCUOLA DELL’INFANZIA E PRIMARIA,,,38.1505549,13.3709715,"V. Papa Sergio I, 21",71,Parzialmente inaccessibile,Alta,No,7,Assenza maniglioni antipanico all'ingresso; campanello troppo alto; bagno solo al piano terra; corrimano ad altezza non adeguata; assenza percorso tattile.,SCUOLA RIZZO,VII,Arenella - Vergine Maria,Arenella
VS_49,VIA PAPA GREGORIO MAGNO – VIA SAN VINCENZO DÈ PAOLI,Percorso storico,PERCORSI STORICI,"VIE COSTIERE (S.S.113), TRAFFICO FREQUENTE",MARCIAPIEDE,38.1522327,13.3704866,,41,Parzialmente accessibile,Alta,No,13,,,VII,Arenella - Vergine Maria,Arenella
VS_48,VIA PAPA SERGIO I (S.S.113),Percorso storico,PERCORSI STORICI,"VIE COSTIERE (S.S.113), TRAFFICO FREQUENTE",MARCIAPIEDE,38.1573791,13.3708818,,35,Accessibile,Alta,No,15,,,VII,Arenella - Vergine Maria,Arenella
VC_12,VIA VERGINE MARIA,Via cittadina,PERCORSI CITTADINI,STRADA STATALE COSTIERA AD ALTO SCORRIMENTO (SS 113),MARCIAPIEDE,38.1624313,13.3703644,,47,Parzialmente accessibile,Alta,No,14,,,VII,Arenella - Vergine Maria,Arenella
VS_50,VIA BORDONARO (S.S.113) – VIA NOSTRA SIGNORA DEL ROTOLO,Percorso storico,PERCORSI STORICI,"VIE COSTIERE (S.S.113), TRAFFICO FREQUENTE",MARCIAPIEDE,38.1654668,13.3683396,,48,Parzialmente accessibile,Alta,No,13,,,VII,Arenella - Vergine Maria,Vergine Maria